S.No,Axial RMS Acceleration(m/sec2),Axial RMS Velocity(mm/sec),Horizontal RMS Acceleration(m/sec2),Horizontal RMS Velocity(mm/sec),Vertical RMS Acceleration(m/sec2),Vertical RMS Velocity(mm/sec),Noise (db),Temperature (degC),Current(A)
1,18.746,8.819,9.539,4.921,10.78,11.522,99.356,53.216,7.3
2,18.291,8.9035,10.29,6.1245,10.2645,12.1855,101.872,53.216,7.27
3,17.637,7.323,9.321,5.849,9.044,11.579,101.169,53.223,7.34
4,19.614,N/A,10.711,5.806,11.478,12.27,N/A,53.231,7.23
5,18.823,7.261,10.4575,5.6755,10.6025,11.7905,100.749,53.231,7.34
6,18.146,7.758,11.539,4.99,10.072,10.812,102.196,53.247,7.32
7,17.7695,6.6705,10.2905,5.549,10.4295,11.364,98.638,53.255,7.4
8,20.026,9.168,9.747,6.573,11.826,N/A,99.73,53.255,N/A
9,22.543,8.488,10.608,5.473,11.84,10.851,101.27,53.263,7.3
10,18.7025,7.415,11.0975,5.551,10.736,11.1625,98.644,53.263,7.4
11,19.484,8.824,10.269,5.35,12.39,12.302,99.506,53.27,7.46
12,21.373,9.266,N/A,N/A,10.867,N/A,99.911,53.278,7.21
13,18.0625,7.0555,10.6135,5.325,10.506,11.5115,101.937,53.286,7.02
14,N/A,7.714,10.682,5.333,10.319,11.615,102.639,53.286,7.28
15,17.626,7.966,10.0245,5.0205,9.7225,11.639,101.692,53.294,7.54
16,18.464,9.129,11.933,4.969,10.877,10.428,100.463,53.302,7.43
17,18.417,7.207,9.599,4.413,10.022,10.101,99.461,53.302,7.45
18,17.098,7.6195,9.4715,5.093,10.269,10.612,98.35,53.309,7.24
19,17.812,7.508,9.714,4.597,10.052,11.032,100.791,53.317,7.34
20,18.856,8.11,10.681,5.168,11.29,10.388,N/A,53.317,7.32
21,18.518,6.919,10.78,6.0915,10.9165,11.4825,101.316,53.325,7.4
22,18.613,6.936,10.092,5.909,11.207,11.073,100.863,53.317,N/A
23,17.8415,7.7055,10.311,N/A,10.0065,10.663,98.675,53.317,7.3
24,16.84,6.994,9.183,5.183,10.236,10.09,103.086,53.325,7.4
25,16.954,8.053,9.102,4.932,10.088,10.713,101.308,53.325,7.46
26,19.051,8.1795,10.102,5.223,10.2855,10.98,101.584,53.325,7.24
27,18.592,7.255,9.924,5.269,11.167,11.629,97.903,53.317,7.34
28,18.1135,9.043,9.85,5.883,10.288,11.9,99.329,53.317,7.32
29,17.573,7.799,9.121,5.409,10.03,11.429,100.044,53.302,7.4
30,19.135,7.989,10.268,4.963,10.973,10.509,101.051,53.302,7.54
31,20.874,8.7875,10.5505,5.8275,10.7,11.155,99.304,53.302,7.72
32,18.707,10.556,9.203,5.238,11.138,11.593,98.233,53.302,7.4
33,18.09,7.245,9.171,5.083,9.796,10.154,101.448,53.309,7.46
34,18.249,8.616,9.298,5.1005,9.867,11.2715,99.285,53.302,7.24
35,17.597,7.061,9.259,5.648,9.812,10.775,102.031,53.294,7.12
36,18.9025,7.313,10.6315,5.7485,11.2275,11.268,100.083,53.294,7.28
37,17.348,7.924,9.666,5.324,9.701,10.814,100.445,53.27,7.45
38,20.747,8.568,10.461,5.346,11.897,12.003,101.375,53.263,7.43
39,18.0935,7.2875,9.3625,5.7215,11.022,11.874,98,53.255,7.45
40,18.917,8.528,10.559,7.789,10.729,12.887,99.263,53.255,7.24
41,17.751,8.791,10.0935,5.528,10.3715,10.9115,101.589,53.247,7.45
42,17.933,6.943,9.708,4.471,10.99,11.087,101.982,53.239,7.32
43,19.753,7.956,10.304,5.892,11.326,11.796,99.711,53.216,7.4
44,19.9285,7.124,9.9895,5.653,10.085,10.865,98.844,53.192,7.54
45,16.831,6.398,9.912,6.327,10.54,12.404,100.361,53.153,7.3
46,17.842,8.079,10.03,5.7115,10.527,12.1665,101.495,53.138,7.4
47,17.787,7.806,9.718,5.419,10.159,11.246,98.458,53.098,7.46
48,19.217,8.467,10.717,5.825,10.677,12.871,98.1,53.067,7.24
49,18.34,7.2125,10.3295,5.356,10.2625,11.037,98.327,53.044,7.34
50,17.203,5.997,11.348,6.687,11.165,14.611,99.412,53.013,7.32
51,18.082,7.233,9.871,5.484,11.004,11.172,100.355,52.981,7.4
52,18.179,7.497,10.2355,5.4725,11.029,11.4755,103.674,52.942,7.24
53,17.704,8.081,10.765,4.696,10.006,10.542,96.936,52.911,7.3
54,20.611,8.915,11.532,6.928,11.501,16.598,99.275,52.872,7.123
55,18.6405,8.6685,10.7815,5.716,10.533,13.2195,100.103,52.825,7.45
56,17.698,8.11,10.914,4.976,10.04,11.982,100.785,52.786,7.32
57,17.446,7.8975,10.3975,6.215,10.4125,12.8815,98.498,52.747,7.4
58,18.129,6.984,10.263,5.719,9.925,11.634,98.746,52.716,7.54
59,19.4855,7.47,10.144,6.126,10.4475,12.2735,96.654,52.684,7.3
60,19.535,7.657,9.936,4.317,11.163,10.593,100.635,52.645,7.4
61,18.162,8.149,10.419,5.066,9.848,9.312,98.336,52.622,7.46
62,17.824,6.964,10.6785,5.962,10.7495,11.6275,98.323,52.591,7.24
63,19.774,7.697,9.859,6.164,11.85,12.479,100.938,52.575,7.82
64,18.486,8.199,10.042,4.982,9.741,11.462,98.047,52.559,7.34
65,19.4665,7.8025,10.43,5.4,11.499,11.3185,101.778,52.528,7.35
66,18.782,7.844,10.596,6.021,9.977,12.822,101.869,52.513,7.53
67,19.0145,7.502,10.312,6.139,11.1495,12.83,100.594,52.497,7.8
68,20.628,7.509,11.356,5.951,10.957,12.451,99.949,52.489,7.43
69,18.37,7.036,9.515,5.678,10.479,10.464,101.349,52.473,7.45
70,18.3785,6.993,9.9145,5.502,10.461,11.244,96.902,54.2,7.54
71,18.563,6.897,9.542,5.302,10.114,12.065,101.812,54.4,7.3
72,18.651,7.285,9.63,5.6735,10.466,11.017,99.694,54.3,7.4
73,19.596,7.555,9.691,5.52,10.561,10.457,101.593,54.3,7.46
74,18.433,7.36,10.615,5.674,10.338,13.012,100.77,54.6,7.24
75,17.7895,7.437,10.4535,5.471,10.3805,10.3065,97.613,53.7,7.82
76,18.998,7.934,10.248,4.965,10.412,11.543,102.793,54.5,7.34
77,17.723,7.38,10.139,6.274,10.431,11.797,100.267,53.7,7.35
78,18.495,8.3735,10.4945,5.8715,10.5205,11.8995,101.69,54.8,7.53
79,17.327,7.586,10.151,5.336,9.753,13.802,99.849,55,7.8
80,18.503,7.3175,10.037,5.4795,9.643,10.469,99.196,54,7.8
81,19.05,7.862,11.405,5.373,10.219,10.326,98.237,54.4,7.43
82,17.232,6.581,9.231,5.259,9.784,13.097,97.332,54.3,7.45
83,18.275,7.06,10.887,6.7235,10.407,12.417,101.942,54.3,7.54
84,21.117,7.312,11.528,6.111,11.299,11.772,100.827,54.6,7.3
85,17.154,7.792,9.9655,5.4065,10.6505,11.8325,101.642,53.7,7.4
86,18.917,7.952,11.728,6.159,10.902,11.114,99.609,54.5,7.46
87,16.947,7.867,9.006,5.598,10.262,11.011,102.053,53.7,7.8
88,18.343,7.5865,10.912,5.9775,10.241,11.5945,100.425,54.8,7.9
89,17.873,6.807,9.898,5.502,10.977,11.048,98.674,55,7.9
90,20.456,6.933,10.808,6.34,11.124,13.638,100,54.9,7.8
91,18.904,7.315,9.991,5.7455,10.574,11.625,100.2,53.7,7.46
92,17.472,6.912,10.451,5.449,10.27,10.355,99.473,54.5,7.8
93,17.555,7.253,10.682,4.71,9.946,10.677,100.431,53.7,7.9
94,21.03,8.772,12.051,5.714,10.594,10.999,101.642,54.8,7.9
95,17.747,7.294,10.079,5.816,9.8435,10.8875,102,55,7.93
96,17.71,6.66,9.872,6.09,11.015,10.796,103.221,55,7.94
97,18.899,8.4085,9.84,4.954,10.0015,10.367,103,55.3,7.8
98,19.489,7.918,10.298,5.527,11.04,10.428,104,55.2,7.83
99,18.416,7.443,9.482,5.367,10.112,12.41,103.8,55.6,7.9
100,19.2935,7.189,11.025,5.4215,11.652,12.558,103.9,55.6,7.93
101,19.202,8.255,11.228,4.602,9.884,9.63,104,54.3,8.01
102,18.171,7.7095,10.7935,5.428,10.472,10.6945,103.5,55.7,8.07
103,17.544,7.682,10.302,5.771,10.456,11.624,103.6,56.2,8.03
104,18.843,6.903,11.027,5.741,10.284,11.538,103,54.5,7.8
105,20.5495,8.0915,10.0855,5.2495,10.4725,10.639,101.992,55,7.9
106,19.57,6.912,9.96,5.215,10.27,10.689,102.35,55.2,8.05
107,17.266,6.628,10.378,6.392,10.418,10.719,103.571,55.6,8.13
108,18.45,7.8785,9.4335,5.1695,10.1545,10.6225,103.35,55.6,8.19
109,18.53,6.601,10.994,5.859,11.069,11.315,104.35,54.3,8.15
110,19.561,8.659,10.6345,5.8415,11.3845,12.3865,104.15,55.7,8.12
111,19.236,6.891,10.387,5.691,10.565,10.373,104.25,56.2,8.32
112,18.169,8.207,10.083,5.302,11.259,11.206,102.4,55.8,8.09
113,17.9185,7.2815,10.554,5.794,10.645,12.154,103.136,56.4,8.2
114,20.588,7.729,10.465,5.088,10.776,10.947,102.492,56.2,8.28
115,17.961,7.94,10.6105,4.914,10.482,11.6415,103.35,55.2,8.28
116,18.227,7.91,12.082,5.81,10.863,11.547,102.342,56.4,8.32
117,17.603,7.929,10.477,6.615,10.51,11.8,102.7,56.2,8.28
118,18.502,7.46,9.7485,5.696,10.61,12.299,103.921,55.8,8.28
119,18.747,N/A,10.248,5.904,10.772,11.288,103.7,56.4,8.32
120,18.196,8.201,9.93,5.228,9.916,12.034,N/A,56.5,8.4
121,18.5255,8.288,10.141,6.219,11.745,11.85,104,56.4,8.32
122,18.434,8.375,9.11,5.196,10.169,10.583,104.2,56.7,8.34
123,17.6535,N/A,11.0795,6.3305,10.3455,N/A,103.891,56.1,8.42
124,19.019,7.017,12.022,5.345,10.843,10.507,103.67,56.6,8.38
125,17.412,9.633,9.45,5.001,10.373,13.466,104.67,56.2,8.35
126,18.208,7.8495,10.366,N/A,10.676,10.8885,104.47,56.8,8.55
127,18.61,6.801,9.599,5.938,9.972,11.866,104.57,56.6,8.32
128,18.499,8.727,10.7195,5.726,10.6685,13.1725,102.72,55.6,8.43
129,17.139,6.976,10.365,5.648,10.075,11.051,103.456,56.8,8.51
130,19.599,7.74,10.266,5.671,10.909,10.276,102.812,56.6,8.51
131,19.273,7.5575,10.6845,5.389,10.7865,10.733,103.67,56.2,8.55
132,15.983,5.849,11.742,5.989,N/A,11.217,N/A,56.8,8.51
133,N/A,7.6675,10.623,5.2895,10.5715,12.9385,103.02,56.9,8.51
134,17.642,7.105,10.23,5.255,9.764,9.926,104.241,56.8,8.55
135,17.154,8.322,9.996,4.664,9.283,9.512,104.02,57.1,8.63
136,18.579,7.238,10.698,5.4375,10.692,11.057,105.02,56.5,8.55
137,19.08,7.468,9.979,5.411,11.17,10.881,104.32,57,8.57
138,16.282,6.428,9.312,5.388,9.772,10.772,104.52,56.6,8.54
139,17.77,7.506,10.2205,5.014,10.189,11.1185,103.98,57.1,8.61
140,20.026,7.468,10.039,5.677,9.683,10.678,104.94,57.2,8.58
141,17.4495,7.1665,10.458,5.8795,9.9135,11.9545,103.09,57.3,8.78
142,19.723,9.118,11.491,5.283,11.811,11.277,103.826,56.6,8.55
143,18.57,8.154,9.515,4.986,10.387,10.948,103.182,56.7,8.66
144,18.1695,7.8645,10.367,5.1875,9.895,10.3165,104.04,57.3,8.74
145,18.29,8.163,9.428,5.26,9.55,10.94,103.032,57.4,8.74
146,18.541,7.546,10.438,5.401,10.805,10.899,103.39,57.5,8.78
147,19.2935,7.367,10.338,6.0685,10.894,11.746,104.611,57.6,8.74
148,18.418,6.474,10.142,6.276,10.682,12.532,104.39,57.4,8.74
149,17.8585,6.989,10.066,6.588,10.472,14.32,105.39,57.5,8.78
150,19.36,8.219,9.304,4.979,10.22,10.296,104.69,57.5,8.86
151,18.139,7.057,9.979,6.725,11.343,13.768,104.89,57.6,8.78
152,18.0925,7.404,10.138,5.8345,10.906,11.948,104.92,57.7,8.8
153,19.418,8.44,9.578,4.969,10.482,13.345,104.38,57,8.77
154,19.219,8.3655,10.1505,5.521,10.618,10.7385,105.34,57.1,8.84
155,15.934,7.023,10.02,4.974,9.472,10.469,103.49,57.7,8.81
156,18.764,6.567,11.184,6.325,10.468,11.017,104.226,57.8,9.01
157,19.6965,7.7945,10.614,5.2905,11.2985,10.881,103.582,57.9,8.78
158,19.213,11.062,11.919,5.171,10.725,10.562,104.44,58,8.89
159,18.86,7.049,9.663,6.278,10.697,13,103.432,57.8,8.97
160,18.675,7.712,10.429,5.3,10.9735,11.4105,103.79,57.9,8.97
161,17.035,7.396,10.787,5.867,10.898,12.107,105.011,57.9,9.01
162,18.2755,7.488,10.4105,5.777,11.868,11.9715,104.79,58,8.97
163,19.185,7.021,10.151,5.148,10.106,10.985,105.79,58.1,8.97
164,18.005,7.445,9.621,4.96,10.169,10.279,105.09,57.4,9.01
165,19.185,7.7235,10.19,5.1665,10.828,11.314,105.29,57.5,9.09
166,22.642,8.355,10.453,5.084,10.692,10.567,105.32,58.1,9.01
167,19.276,7.9965,9.8145,5.827,10.1495,13.1645,104.726,58.1,9.03
168,16.993,7.453,9.489,5.807,10.811,12.919,104.082,58.2,9
169,19.357,8.734,10.888,5.749,9.941,13.454,104.94,58.3,9.07
170,18.864,7.1715,10.6095,5.8205,10.564,12.1605,103.932,58.1,9.04
171,19.034,6.998,10.413,5.424,11.421,11.839,104.29,58.2,9.24
172,17.597,7.373,10.505,5.611,10.5,11.5175,105.511,58.2,9.01
173,19.158,6.911,10.893,5.974,11.01,10.838,105.29,58.3,9.12
174,19.019,6.96,9.759,4.963,10.586,10.844,106.29,58.4,9.2
175,18.449,7.1075,9.855,5.3825,10.5175,11.018,105.59,57.7,9.2
176,17.247,7.418,9.656,5.079,10.203,15.454,105.79,57.8,9.24
177,18.836,6.714,10.818,6.027,11.529,11.413,105.82,58.4,9.2
178,19.7085,7.354,10.6435,5.9325,11.4905,12.598,105.226,58.4,9.2
179,18.544,9.693,9.246,5.413,10.276,10.493,104.582,58.5,9.24
180,18.512,7.8125,10.6655,5.393,10.2735,12.013,105.44,58.6,9.32
181,19.41,6.733,10.884,5.76,10.944,11.123,104.432,58.4,9.24
182,17.273,5.922,11.816,6.143,10.779,13.261,104.79,58.5,9.26
183,17.861,6.631,11.297,5.6705,10.3045,10.631,105.49,58.6,9.23
184,17.427,7.818,10.044,4.59,9.274,9.703,105.69,58.7,9.3
185,20.151,7.6945,9.951,5.118,10.198,12.068,105.72,59.3,9.27
186,17.197,9.431,10.37,5.317,11.6,12.071,105.126,59.3,9.47
187,17.306,8.157,9.354,5.885,10.372,11.114,104.482,59.4,9.24
188,18.7915,6.9385,10.922,5.7335,10.7885,12.1525,105.34,59.5,9.35
189,17.641,9.005,9.506,5.177,11.135,12.893,104.332,59.3,9.43
190,19.543,7.597,10.347,6.11,10.998,11.865,104.69,59.4,9.43
191,18.1035,7.362,10.124,5.775,10.5025,12.1635,105.911,59.5,9.47
192,18.499,7.08,10.572,4.989,9.099,10.254,105.69,59.6,9.43
193,19.31,6.5865,11.2235,6.027,10.636,12.14,106.69,60.2,9.43
194,19.389,7.373,10.122,5.617,9.881,10.81,105.99,60.2,9.47
195,18.487,6.877,10.34,6.021,11.49,11.975,106.19,60.3,9.55
196,18.8135,7.807,9.773,5.093,10.3915,11.2565,106.22,60.4,9.47
197,16.743,9.466,10.297,5.768,11.242,11.682,105.626,60.2,9.49
198,18.515,6.248,9.9275,5.426,10.5315,11.971,104.982,60.3,9.46
199,17.768,7.229,9.772,4.865,9.974,10.07,105.84,60.4,9.53
200,17.835,6.531,9.96,5.187,9.847,9.526,104.832,60.5,9.5
201,20.426,7.05,10.4415,5.5575,10.3535,11.2255,105.19,61.1,9.7
202,18.547,6.562,9.659,6.368,10.49,12.044,105.89,61.1,9.47
203,20.22,12.326,10.439,5.798,12.159,11.931,106.09,61.2,9.58
204,19.8335,7.2055,10.561,5.261,10.6375,11.0285,106.12,61.3,9.66
205,18.885,6.505,10.901,5.742,11.496,11.985,105.526,61.1,9.66
206,17.9995,7.232,10.008,5.7625,10.308,11.028,106.4,61.2,9.7
207,18.301,8.381,10.467,4.772,10.28,10.769,105.74,61.3,9.66
208,19.711,7.845,11.651,5.519,11.078,9.914,107.6,61.4,9.66
209,19.8705,7.491,11.146,5.714,10.8665,11.6355,105.09,62,9.7
210,17.903,6.807,10.382,5.684,10.862,10.917,106.311,62,9.78
211,19.3885,7.601,10.333,6.0305,11.252,11.95,106.09,62.1,9.7
212,18.069,7.661,10.33,6.367,10.382,12.491,107.09,62.2,9.72
213,16.259,6.492,10.871,6.092,9.265,10.912,106.39,62,9.69
214,18.858,7.8065,10.505,5.188,10.7235,11.818,106.59,62.1,9.76
215,17.647,7.862,9.849,5.075,10.412,10.428,106.62,62.2,9.73
216,18.791,6.351,10.811,6.697,10.521,12.014,106.026,62.3,9.93
217,18.911,7.6125,10.24,5.719,10.042,11.6925,105.382,62.9,9.7
218,19.336,7.376,10.203,5.474,10.043,12.85,106.24,62.9,9.81
219,19.151,6.74,11.361,5.621,10.008,11.269,105.232,63,9.89
220,19.32,8.739,10.004,5.565,10.421,11.314,105.59,63.1,9.89
221,18.526,7.6665,10.318,5.7035,11.39,13.226,106.29,62.9,9.93
222,17.635,8.597,11.203,5.24,10.797,10.839,106.49,63,9.89
223,18.816,7.0895,10.803,5.3205,10.816,11.9865,107.2,63.1,9.89
224,18.356,7.654,9.835,5.567,10.765,11.87,102.7,65.1,9.91
225,18.214,7.766,9.786,5.805,10.029,11.855,101.194,53.216,7.27
226,19.311,7.201,10.438,5.921,11.333,11.141,101.994,53.216,7.34
227,17.087,6.878,9.593,5.49,9.876,10.52,94.306,53.223,7.23
228,19.768,7.789,10.543,5.634,11.086,12.503,101.992,53.231,7.34
229,19.4115,7.947,10.9425,5.723,11.793,11.537,101.691,53.231,7.32
230,18.83,8.229,9.676,5.94,11.054,11.905,101.321,53.239,7.4
231,16.693,6.817,10.881,5.9,10.802,11.686,101.303,53.231,7.54
232,19.5175,8.0535,10.713,6.353,10.2815,12.805,99.392,53.239,7.3
233,20.096,8.773,11.773,5.595,10.483,11.365,99.569,53.231,7.4
234,19.249,7.6485,11.1255,5.2185,10.8535,11.339,101.394,53.239,10.04
235,19.416,7.567,10.521,5.302,10.809,11.418,102.194,53.231,10.12
236,18.059,7.693,10.975,5.308,9.574,10.321,94.506,53.223,10.12
237,18.0315,7.42,10.0855,5.7205,9.8835,10.99,102.192,53.223,10.16
238,17.728,7.254,11.282,5.085,9.883,9.859,101.891,53.223,10.12
239,17.095,7.307,10.166,5.781,10.825,12.612,101.521,53.216,10.12
240,19.719,6.868,10.99,6.062,10.125,13.01,101.503,53.223,7.5
241,19.399,8.022,9.288,5.794,10.803,11.92,99.592,53.231,7.57
242,19.268,8.198,10.568,6.2705,10.8585,13.6715,99.769,53.231,7.46
243,16.397,7.206,10.075,5.592,10.511,11.705,101.594,53.231,7.57
244,18.078,7.756,9.093,5.832,11.156,11.211,102.394,53.239,7.55
245,18.806,9.274,10.3175,5.663,11.001,10.5955,94.706,53.239,7.63
246,19.642,6.948,10.466,5.635,10.753,12.577,102.392,53.247,7.77
247,17.64,7.832,10.374,5.5395,9.887,11.9185,102.091,53.247,7.53
248,18.136,9.506,10.324,5.966,11.028,13.103,101.721,53.255,7.63
249,21.176,7.382,10.672,5.575,10.246,13.751,101.703,53.255,7.52
250,18.889,7.73,10.1335,5.2485,10.0975,12.162,99.792,53.247,7.59
251,21.5,8.354,10.485,4.626,10.713,10.843,99.969,53.255,7.48
252,19.707,7.81,10.172,5.01,10.586,11.016,101.794,53.255,7.59
253,18.588,7.2135,10.7095,6.022,11.521,12.0975,102.594,53.255,7.57
254,16.926,6.152,10.115,6.584,10.356,12.488,94.906,53.255,7.65
255,18.1105,7.076,10.6735,6.4685,11.0395,12.655,102.592,53.239,7.79
256,20.323,7.533,9.941,5.4,9.67,10.256,99.526,53.231,7.55
257,18.235,8.683,10.778,6.779,11.318,13.201,99.204,53.223,7.65
258,17.233,7.055,9.595,5.253,10.091,10.6575,100.074,53.216,7.46
259,17.287,6.453,10.845,6.25,10.052,12.66,101.951,53.208,7.53
260,19.715,6.8615,10.5135,5.836,10.3565,11.5225,100.306,53.192,7.42
261,18.476,7.756,10.236,5.275,9.614,10.808,102.908,53.184,7.53
262,19.127,8.007,11.273,6.184,10.382,10.863,98.343,53.177,7.51
263,19.6625,8.0085,10.0805,5.6725,10.2505,10.8245,101.945,53.177,7.59
264,20.368,7.065,10.735,5.715,10.858,11.45,101.105,53.177,7.73
265,18.399,7.984,10.229,4.95,9.954,10.076,98.712,53.169,7.49
266,17.5225,8.456,9.813,5.878,9.858,12.5375,100.332,53.161,7.59
267,19.907,7.452,10.243,4.942,10.071,10.607,99.049,53.161,7.48
268,19.5015,7.552,10.411,5.692,10.9595,12.035,101.373,53.153,7.55
269,18.898,8.382,10.62,5.355,11.143,10.97,99.248,53.153,7.44
270,17.456,6.208,11.499,5.571,9.982,10.855,102.002,53.153,7.55
271,18.129,6.3755,9.7325,5.615,10.417,12.9755,101.027,53.145,7.53
272,18.922,7.802,11.087,5.346,9.979,9.994,100.76,53.145,7.61
273,19.9085,8.792,10.357,5.1775,11.142,10.724,100.858,53.145,7.75
274,18.157,8.111,11.115,5.765,10.129,12.327,98.447,53.138,7.51
275,19.391,7.492,10.105,5.682,10.664,12.561,97.911,53.145,7.61
276,18.083,7.5665,10.7085,5.6765,10.8615,12.3075,101.982,53.145,7.42
277,17.704,7.409,10.31,5.8,11.088,13.54,98.18,53.145,7.49
278,16.639,7.235,10.244,6.332,10.531,11.35,100.84,53.145,7.38
279,17.1805,7.3295,9.7375,5.188,9.635,10.7225,100.855,53.145,7.49
280,16.968,7.728,9.856,7.024,11.75,12.412,99.308,53.153,7.47
281,16.992,9.627,9.248,7.004,10.559,12.063,98.056,53.161,7.55
282,17.9675,7.934,10.183,5.847,10.737,13.1395,104.005,53.169,7.77
283,17.133,7.648,9.319,4.619,10.569,10.67,99.623,53.177,7.53
284,17.797,7.274,10.4465,5.722,9.987,11.317,100.872,53.177,7.55
285,16.695,7.05,10.534,5.666,N/A,12.465,103.25,53.177,7.44
286,18.111,8.21,10.527,5.943,10.167,11.8,100.849,53.177,7.51
287,18.0655,7.1385,10.3295,5.995,10.589,12.214,99.936,53.177,7.4
288,19.579,8.413,10.085,6.654,10.891,11.725,101.7,53.177,7.51
289,19.3355,7.6295,11.5645,5.09,11.007,10.889,101.657,53.184,7.49
290,18.549,7.675,10.14,5.425,11.117,10.362,102.218,53.184,7.57
291,18.134,7.401,9.68,5.266,9.796,10.996,103.16,53.177,N/A
292,19.263,7.121,10.328,5.687,10.457,11.3355,98.255,N/A,7.47
293,20.673,8.389,10.905,5.864,11.305,11.366,N/A,53.169,7.57
294,18.194,7.2845,9.7845,5.942,N/A,11.822,102.782,53.169,7.38
295,15.93,7.37,9.442,4.733,9.581,10.474,101.786,53.169,7.51
296,19.665,9.075,10.602,6.504,12.361,12.67,101.492,53.169,7.57
297,20.159,7.686,10.869,5.581,10.9805,12.5005,100.381,53.161,7.81
298,18.528,8.564,8.824,5.813,9.959,11.767,100.418,53.153,7.55
299,18.135,7.0735,9.708,5.7275,10.0555,12.09,101.676,53.153,7.59
300,17.882,7.71,11.168,5.509,11.813,11.914,90.012,53.145,7.46
301,18.739,6.946,10.374,6.23,11.192,12.408,101.904,53.145,7.55
302,18.8995,8.2485,10.5655,5.5615,10.5985,11.828,98.194,53.145,7.42
303,18.808,8.983,9.891,4.285,10.047,9.758,100.932,53.122,7.55
304,20.713,8.343,10.255,5.196,10.77,10.462,101.595,53.13,7.51
305,18.6795,7.015,10.619,5.905,11.9335,12.471,98.385,53.138,7.61
306,18.904,7.397,10.074,5.237,10.676,10.729,101.396,53.13,7.73
307,16.372,7.355,10.1495,5.932,10.0775,11.8105,100.757,53.13,7.51
308,18.403,7.346,10.599,5.51,10.25,10.928,99.81,53.122,7.59
309,17.429,7.496,9.796,5.2,10.225,10.644,99.793,53.114,7.42
310,18.489,6.846,10.566,5.168,10.731,10.488,97.397,53.106,7.53
311,17.086,9.745,9.208,5.211,10.33,11.017,98.254,53.106,7.61
312,18.044,7.896,10.2,6.1485,11.589,12.739,103.118,53.098,7.83
313,19.422,7.752,9.526,5.03,10.185,11.371,98.499,53.091,7.59
314,19.307,7.761,10.119,5.479,10.171,10.309,99.172,53.083,7.61
315,18.963,7.195,11.0815,5.205,10.935,11.5285,100.741,53.075,7.5
316,16.571,7.385,10.756,4.749,10.43,10.328,99.275,53.067,7.57
317,18.23,7.365,10.082,4.872,10.427,10.679,98.271,53.067,7.46
318,18.596,8.4115,10.8935,5.651,11.5585,12.7995,97.998,53.059,7.57
319,20.026,8.509,8.674,5.299,10.389,11.631,99.239,53.052,7.55
320,19.1625,9.0075,10.3875,5.483,10.379,10.8905,99.641,53.044,7.63
321,18.794,9.355,10.283,6.45,11.233,14.311,95.219,53.044,7.77
322,19.056,7.818,9.689,5.231,10.655,11.121,101.315,53.044,7.53
323,18.5815,7.8325,9.984,5.676,10.8075,13.1315,100.781,53.036,7.63
324,18.045,8.027,10.076,5.745,10.641,12.262,100.597,53.036,7.44
325,20.4465,7.8705,10.7655,6.5335,10.678,12.2145,101.297,53.036,7.57
326,19.089,8.29,10.145,6.275,10.15,11.871,98.534,53.036,7.63
327,19.475,9.237,10.522,5.858,11.413,11.271,102.08,53.028,7.87
328,19.3685,8.1525,10.122,5.611,10.6585,12.3115,101.68,53.02,7.61
329,20.053,8.005,10.532,5.879,11.203,12.841,99.11,53.02,7.65
330,19.552,8.437,11.344,5.443,10.647,11.341,101.309,53.005,7.52
331,19.0195,8.3755,9.8695,5.7205,10.9565,13.491,98.893,53.013,7.54
332,19.249,7.57,10.907,5.504,10.792,11.072,101.482,53.005,7.64
333,18.507,7.3895,10.151,5.286,10.359,11.732,100.709,53.005,7.76
334,18.64,6.796,10.392,5.209,9.882,11.124,97.814,53.005,7.54
335,18.341,6.628,10.843,6.234,10.877,11.795,101.481,52.997,7.62
336,18.6705,8.114,10.8235,5.677,11.0945,12.508,102.066,53.005,7.45
337,17.884,8.298,9.99,5.119,9.81,14.611,98.53,53.005,7.56
338,18.055,6.301,11.299,5.832,10.956,11.717,98.81,53.005,7.64
339,18.3605,8.282,9.886,5.787,10.3045,13.0205,101.818,53.013,7.86
340,18.764,7.48,9.825,5.467,11.629,12.158,101.631,53.005,7.62
341,19.1095,7.964,10.3915,5.455,11.0815,11.6105,101.328,53.013,7.64
342,16.538,8.153,10.619,5.982,10.467,11.944,100.38,53.013,7.53
343,18.73,8.83,11.042,5.809,11.935,11.975,98.189,53.013,7.6
344,17.312,7.32,9.9215,5.7145,10.248,11.5665,98.151,53.02,7.49
345,17.907,5.929,10.034,6.128,10.224,12.135,98.657,53.013,7.6
346,16.931,9.032,10.243,6.422,10.283,11.407,101.416,53.013,7.58
347,19.979,7.902,10.82,5.553,11.022,11.17,99.5,53.028,7.66
348,20.5545,7.9475,10.3795,5.895,11.587,12.739,99.685,53.028,7.8
349,19.25,7.147,10.059,5.99,10.719,12.221,95.372,53.052,7.56
350,17.9825,7.3245,9.947,5.3925,10.2585,11.4895,100.786,53.059,7.66
351,19.068,7.225,9.97,4.999,10.223,10.986,99.344,53.075,7.47
352,20.513,7.238,10.603,6.051,11.88,11.857,100.619,53.083,7.6
353,18.3595,7.276,9.824,5.8955,11.217,10.593,101.633,53.091,7.66
354,18.676,7.916,10.316,5.351,10.969,14.05,101.88,53.098,7.9
355,18.87,8.037,10.04,6.409,10.9,12.332,99.681,53.106,7.64
356,19.648,7.207,10.7595,5.916,10.932,12.0935,100.674,53.114,7.68
357,17.804,7.706,10.545,5.618,10.759,12.209,100.895,53.122,7.55
358,19.407,7.1755,10.679,5.3145,11.1435,11.6915,101.553,53.13,7.57
359,18.816,6.42,10.51,6.157,11.483,13.006,100.037,53.138,7.67
360,17.95,7.969,9.742,5.948,10.118,12.441,99.952,53.145,7.79
361,19.622,8.0215,10.097,5.9755,10.735,12.3775,96.191,53.145,7.57
362,18.536,7.729,9.066,4.674,10.561,10.304,100.703,53.153,7.65
363,16.8185,8.3035,10.0665,5.651,10.3335,14.2535,100.886,53.145,7.48
364,18.183,9.047,10.915,6.296,10.17,13.006,101.196,53.145,7.59
365,19.984,8.483,9.994,5.424,10.671,11.65,100.11,53.145,7.67
366,18.6325,6.947,9.917,6.0545,10.5845,12.874,101.046,53.145,7.89
367,17.902,6.878,11.412,6.425,10.594,12.217,102.439,53.145,7.65
368,18.424,9.581,9.723,5.613,10.253,11.672,102.152,53.145,7.67
369,17.92,8.1745,9.9495,5.6155,10.69,12.058,102.611,53.145,7.56
370,21.442,8.53,9.971,7.035,11.596,13.197,101.552,53.145,7.63
371,18.521,7.917,10.7195,6.7985,11.961,13.2255,98.086,53.145,7.52
372,17.975,8.332,9.317,4.878,9.794,11.773,97.325,53.145,7.63
373,18.719,8.214,10.383,5.379,11.167,11.633,100.213,53.145,7.61
374,19.307,8.802,11.1025,5.5505,10.412,13.117,100.903,53.145,7.69
375,15.819,7.414,10.103,5.54,9.978,11.453,98.972,53.145,7.83
376,18.583,7.533,11.0305,7.2845,11.2975,15.033,100.13,53.145,7.59
377,20.358,6.613,10.118,6.55,10.305,12.271,98.172,53.145,7.69
378,18.998,7.864,10.446,5.647,10.929,12.588,100.857,53.145,7.5
379,19.432,8.579,10.9345,6.244,11.2275,13.215,101.333,53.145,7.63
380,17.482,6.442,10.891,5.621,10.336,11.772,98.234,53.145,7.69
381,18.6355,7.3445,10.615,6.237,11.85,11.8605,100.245,53.145,7.93
382,18.512,7.874,9.666,5.459,11.12,11.479,103.381,53.145,7.67
383,18.378,7.268,11.856,6.487,10.413,12.037,100.996,53.145,7.71
384,18.9345,8.686,9.418,5.7965,10.8,13.2235,98.746,53.145,7.58
385,18.586,7.035,9.892,6.772,11.06,12.886,98.201,53.145,7.6
386,20.187,7.583,9.993,6.06,10.893,13.382,102.461,53.145,7.7
387,20.02,7.8795,10.9275,6.049,10.942,12.4845,102.496,53.145,7.82
388,19.75,8.094,10.327,5.137,11.081,11.532,96.411,53.145,7.6
389,18.7255,7.0185,11.045,6.3335,10.9375,13.0545,98.839,53.145,7.68
390,18.941,6.273,10.591,6.04,10.715,12.974,99.913,53.145,7.51
391,16.71,5.993,10.237,5.917,10.614,11.755,99.603,53.145,7.62
392,18.1755,7.636,10.3775,6.1785,12.148,12.389,99.46,53.145,7.7
393,18.687,7.677,11.413,5.179,11.235,12.894,102.391,53.145,7.92
394,18.97,8.668,11.094,5.826,11.326,11.646,99.72,53.145,7.68
395,19.358,7.228,11.609,6.0865,10.7265,12.9265,100.542,53.145,7.7
396,19.211,7.694,9.924,6.556,12.115,14.768,99.103,53.145,7.59
397,18.2575,7.1545,10.399,5.664,10.487,11.5915,101.279,53.145,7.66
398,19.673,8.192,11.859,6.38,10.832,12.317,98.608,53.145,7.55
399,18.199,7.287,9.904,4.965,10.147,11.338,100.537,53.145,7.66
400,18.417,7.8745,10.964,6.0935,10.373,12.5095,98.182,53.145,7.64
401,20.238,7.645,10.215,5.873,10.227,12.284,95.187,53.145,7.72
402,18.692,7.717,10.669,7.313,10.847,14.3675,101.172,53.145,7.86
403,19.355,7.419,9.94,5.584,9.576,11.951,100.094,53.145,7.62
404,17.609,6.791,9.515,5.744,9.586,11.846,100.609,53.145,7.72
405,18.371,7.6095,10.0205,5.6755,10.944,13.223,98.799,53.145,7.53
406,17.712,7.048,11.722,5.363,9.587,11.275,97.599,53.145,7.66
407,20.244,8.672,10.878,5.91,11.169,12.661,102.089,53.145,7.72
408,18.103,7.5995,10.386,6.2045,10.786,12.747,99.979,53.145,7.96
409,19.56,7.78,9.283,4.598,10.669,11.342,97.742,53.145,7.7
410,17.445,6.7115,9.634,5.9215,10.5855,14.1215,104.103,53.145,7.74
411,18.47,7.161,8.695,6.208,10.955,15.14,100.214,53.145,7.61
412,19.971,8.018,10.941,5.906,11.196,11.917,100.467,53.145,7.63
413,17.489,6.97,10.409,5.846,10.792,12.0645,100.828,53.145,7.73
414,19.64,8.104,10.846,5.652,11.237,11.94,100.231,53.145,7.85
415,19.7525,7.5995,10.7275,6.052,11.215,12.4,101.897,53.145,7.63
416,19.026,10.393,9.474,5.589,10.366,12.305,98.665,53.145,7.71
417,19.8,7.321,10.303,4.726,10.333,11.6,99.914,53.145,7.54
418,17.917,7.0615,10.6,5.8055,10.0475,11.9475,101.909,53.145,7.65
419,16.238,8.566,9.209,5.23,9.717,11.208,101.446,53.145,7.73
420,17.0205,7.1555,10.049,5.6375,10.629,13.4235,101.64,53.145,7.95
421,19.093,7.86,9.436,6.406,11.015,14.54,103.086,53.145,7.71
422,18.374,7.402,9.704,5.913,9.996,11.273,100.171,53.145,7.73
423,18.921,7.9365,10.378,6.1405,11.6155,13.614,92.868,53.145,7.62
424,20.043,9.097,9.952,5.11,10.455,11.682,102.461,53.145,7.69
425,21.42,7.992,10.471,5.715,11.056,12.819,103.258,53.145,7.58
426,19.634,7.6345,10.0395,5.7905,10.6785,12.4595,100.691,53.145,7.69
427,18.792,8.135,10.877,5.629,10.277,11.925,99.928,53.145,7.67
428,18.753,8.289,10.602,5.5765,10.25,11.927,101.221,53.145,7.75
429,18.479,7.985,9.86,5.276,11.117,11.828,101.477,53.145,7.89
430,18.78,7.12,11.749,7.515,10.829,16.913,102.49,53.145,7.65
431,18.466,6.8585,9.4445,5.85,9.852,11.927,101.526,53.145,7.75
432,18.306,7.966,9.518,6.038,10.067,15.631,101.474,53.145,7.56
433,18.367,9.157,9.665,6.068,11.008,12.275,100.485,53.145,7.69
434,19.79,8.0885,10.403,6.541,10.4505,14.286,99.35,53.145,7.75
435,20.537,10.974,11.63,6.467,10.993,11.772,98.572,53.145,7.99
436,18.4855,7.1145,10.481,6.0855,10.7205,12.192,98.297,53.145,7.73
437,19.144,6.245,10.867,6.202,10.054,13.508,99.04,53.145,7.77
438,20.17,8.053,10.212,5.499,10.477,11.709,96.156,53.145,7.64
439,18.3375,8.0325,10.593,6.917,10.926,15.281,100.004,53.145,7.66
440,20.606,8.736,10.742,5.315,10.748,12.369,100.488,53.145,7.76
441,19.3095,7.889,9.981,5.6695,10.6,12.213,102.165,53.145,7.88
442,17.7,6.347,10.709,6.893,11.328,14.327,101.94,53.145,7.66
443,20.342,8.108,10.86,5.814,10.66,12.373,102.472,53.145,7.74
444,17.4255,N/A,10.7645,6.273,10.801,12.416,100.978,53.145,N/A
445,16.836,6.459,9.679,6.123,None,12.22,96.669,53.145,7.68
446,16.842,8.119,10.272,6.832,10.753,13.158,100.037,53.145,7.76
447,18.407,8.395,9.731,6.105,10.585,11.9735,103.985,53.145,7.98
448,19.537,7.66,10.526,5.039,9.795,12.838,99.776,53.145,7.74
449,17.9575,6.9865,10.806,6.0365,10.348,11.525,99.23,53.145,7.76
450,16.457,6.921,10.15,5.469,10.479,11.973,99.296,53.145,N/A
451,18.658,8.182,10.988,5.59,11.04,13.031,99.778,53.145,7.72
452,17.8895,7.978,10.439,5.5605,10.581,12.331,97.464,53.145,7.61
453,19.854,7.323,10.513,6.101,11.272,12.001,97.671,53.145,7.72
454,19.1135,8.0155,9.825,5.48,10.175,11.7145,100.361,53.145,7.7
455,21.252,7.972,11.284,6.27,11.225,12.987,102.679,53.145,7.78
456,18.788,7.483,9.986,4.979,10.536,11.204,99.544,53.145,7.92
457,20.2105,7.8645,10.827,5.5525,10.744,11.0895,102.399,53.145,7.68
458,17.321,6.303,11.133,N/A,10.541,15.87,101.536,53.145,7.78
459,20.313,8.429,10.26,5.418,10.287,11.179,101.392,53.145,7.59
460,18.6815,7.274,10.9065,6.8235,11.0215,14.321,102.657,53.145,N/A
461,19.671,7.72,10.335,5.518,10.992,11.571,101.618,53.145,7.78
462,18.755,7.195,10.599,5.8745,11.0205,11.773,98.669,53.145,8.02
463,17.995,7.694,9.42,6.21,9.999,14.074,102.194,53.145,7.76
464,17.727,7.659,10.902,5.659,N/A,11.695,N/A,53.145,7.8
465,18.902,7.28,10.5595,6.0935,11.054,12.5725,99.519,53.145,7.67
466,19.294,8.596,10.129,5.638,10.12,11.848,98.783,53.145,7.69
